Model,Accuracy,Precision,Recall,F1-Score,CV Mean,CV Std
SVM,1.0,1.0,1.0,1.0,0.9527777777777778,0.05800170282728085
Decision Tree,1.0,1.0,1.0,1.0,0.836111111111111,0.11600340565456167
Random Forest,1.0,1.0,1.0,1.0,0.9527777777777778,0.05800170282728085
Gradient Boosting,1.0,1.0,1.0,1.0,1.0,0.0
LightGBM,1.0,1.0,1.0,1.0,0.3833333333333333,0.06123724356957946
Logistic Regression,0.9090909090909091,0.9242424242424243,0.9090909090909091,0.8980716253443526,0.9527777777777778,0.05800170282728085
XGBoost,0.9090909090909091,0.9242424242424243,0.9090909090909091,0.8980716253443526,0.8083333333333332,0.061111111111111095
Naive Bayes,0.8181818181818182,0.8701298701298701,0.8181818181818182,0.8030303030303029,0.9527777777777778,0.05800170282728085
